Activation Function \ Learning Rate,.001,.0001,.00001
Tanh,5.314977849146807e-05,9.0358193338691e-06,3.331145299423355e-05
Sigmoid,2.2184380860323927e-05,5.736553057689164e-06,5.6003876444998824e-05
ReLU,3.924753207162901e-05,4.8423429144239805e-06,1.2587908953642923e-05
